{"cameraMode":{"drawMode":0,"name":"Shaded","section":"Shading Mode"},"sceneLighting":false,"audioPlay":false,"sceneViewState":{"showFog":true,"showMaterialUpdate":false,"showSkybox":false,"showFlares":true,"showImageEffects":true,"showParticleSystems":true},"in2DMode":false,"pivot":{"x":960.0125122070313,"y":540.7000732421875,"z":116.90281677246094},"rotation":{"x":-0.15078584849834443,"y":0.8047310709953308,"z":-0.23080243170261384,"w":-0.5257393717765808},"size":4352.208984375,"orthographic":false}