{"cameraMode":{"drawMode":0,"name":"Shaded","section":"Shading Mode"},"sceneLighting":false,"audioPlay":false,"sceneViewState":{"showFog":true,"showMaterialUpdate":false,"showSkybox":false,"showFlares":true,"showImageEffects":true,"showParticleSystems":true},"in2DMode":false,"pivot":{"x":-1.3101048469543458,"y":1.0373637676239014,"z":-0.09843084216117859},"rotation":{"x":-0.032783519476652148,"y":0.9342705607414246,"z":-0.3436949849128723,"w":-0.08911681920289993},"size":2.660309314727783,"orthographic":false}