{"cameraMode":{"drawMode":0,"name":"Shaded","section":"Shading Mode"},"sceneLighting":true,"audioPlay":false,"sceneViewState":{"showFog":true,"showMaterialUpdate":false,"showSkybox":true,"showFlares":true,"showImageEffects":true,"showParticleSystems":true},"in2DMode":false,"pivot":{"x":154.27125549316407,"y":-24.56981658935547,"z":156.92726135253907},"rotation":{"x":-0.4755474030971527,"y":0.5223172307014465,"z":-0.46678271889686587,"w":-0.5321264863014221},"size":49.142433166503909,"orthographic":false}