{"cameraMode":{"drawMode":0,"name":"Shaded","section":"Shading Mode"},"sceneLighting":false,"audioPlay":false,"sceneViewState":{"showFog":true,"showMaterialUpdate":false,"showSkybox":false,"showFlares":true,"showImageEffects":true,"showParticleSystems":true},"in2DMode":false,"pivot":{"x":-2.0763533115386965,"y":-0.05282009392976761,"z":-8.032615661621094},"rotation":{"x":-0.007960569113492966,"y":0.990989625453949,"z":-0.068795345723629,"w":-0.11466941982507706},"size":10.600361824035645,"orthographic":false}