{"cameraMode":{"drawMode":0,"name":"Shaded","section":"Shading Mode"},"sceneLighting":false,"audioPlay":false,"sceneViewState":{"showFog":true,"showMaterialUpdate":false,"showSkybox":false,"showFlares":true,"showImageEffects":true,"showParticleSystems":true},"in2DMode":false,"pivot":{"x":-0.2863278388977051,"y":1.288061499595642,"z":0.5681905150413513},"rotation":{"x":0.03329261764883995,"y":0.9388107061386108,"z":-0.09497441351413727,"w":0.32945695519447329},"size":1.2989377975463868,"orthographic":false}