{"cameraMode":{"drawMode":0,"name":"Shaded","section":"Shading Mode"},"sceneLighting":false,"audioPlay":false,"sceneViewState":{"showFog":true,"showMaterialUpdate":false,"showSkybox":false,"showFlares":true,"showImageEffects":true,"showParticleSystems":true},"in2DMode":false,"pivot":{"x":-0.10000000894069672,"y":0.5999999642372131,"z":0.0},"rotation":{"x":0.026478972285985948,"y":0.9713463187217712,"z":-0.1307566910982132,"w":0.19669964909553529},"size":2.624485969543457,"orthographic":false}