{"cameraMode":{"drawMode":0,"name":"Shaded","section":"Shading Mode"},"sceneLighting":true,"audioPlay":false,"sceneViewState":{"showFog":true,"showMaterialUpdate":false,"showSkybox":false,"showFlares":true,"showImageEffects":true,"showParticleSystems":true},"in2DMode":false,"pivot":{"x":-42.115516662597659,"y":11.831680297851563,"z":16.51598358154297},"rotation":{"x":-0.23110505938529969,"y":0.41189298033714297,"z":-0.10882735252380371,"w":-0.8746948838233948},"size":40.010372161865237,"orthographic":false}