{"cameraMode":{"drawMode":0,"name":"Shaded","section":"Shading Mode"},"sceneLighting":false,"audioPlay":false,"sceneViewState":{"showFog":true,"showMaterialUpdate":false,"showSkybox":false,"showFlares":true,"showImageEffects":true,"showParticleSystems":true},"in2DMode":false,"pivot":{"x":623.8907470703125,"y":-0.3151059150695801,"z":234.13735961914063},"rotation":{"x":-0.14170339703559876,"y":0.7053448557853699,"z":-0.14725174009799958,"w":-0.6787681579589844},"size":5.495779037475586,"orthographic":false}